rouge-1-p,rouge-1-r,rouge-1-f,rouge-2-p,rouge-2-r,rouge-2-f,rouge-l-p,rouge-l-r,rouge-l-f
0.11870574882058987,0.11908027305537758,0.11617236642193138,0.016107336758195586,0.01616548674432476,0.015626886580109297,0.11203001713213892,0.11254333355423173,0.109674616271362
