rouge-1-p,rouge-1-r,rouge-1-f,rouge-2-p,rouge-2-r,rouge-2-f,rouge-l-p,rouge-l-r,rouge-l-f
0.09385371251163549,0.09272217750753121,0.09148311482107531,0.008032799306985626,0.007452536507435888,0.007417915412495554,0.08630243498060398,0.08529770607421684,0.08411421104786891
