rouge-1-p,rouge-1-r,rouge-1-f,rouge-2-p,rouge-2-r,rouge-2-f,rouge-l-p,rouge-l-r,rouge-l-f
0.11612886951431184,0.11361305840120155,0.11243757413306486,0.017078737308412497,0.015873732160259682,0.016051230176817623,0.10967703461485818,0.10697484835104483,0.10599575160309861
